{"commitInfo":{"timestamp":1619121487931,"userId":"100599","userName":"denny.lee@databricks.com","operation":"WRITE","operationParameters":{"mode":"ErrorIfExists","partitionBy":"[]"},"notebook":{"notebookId":"9768013"},"clusterId":"0318-151752-abed99","isolationLevel":"WriteSerializable","isBlindAppend":true,"operationMetrics":{"numFiles":"8","numOutputBytes":"6190485","numOutputRows":"1111930"}}}
{"protocol":{"minReaderVersion":1,"minWriterVersion":2}}
{"metaData":{"id":"7245fd1d-8a6d-4988-af72-92a95b646511","format":{"provider":"parquet","options":{}},"schemaString":"{\"type\":\"struct\",\"fields\":[{\"name\":\"date\",\"type\":\"string\",\"nullable\":true,\"metadata\":{}},{\"name\":\"county\",\"type\":\"string\",\"nullable\":true,\"metadata\":{}},{\"name\":\"state\",\"type\":\"string\",\"nullable\":true,\"metadata\":{}},{\"name\":\"fips\",\"type\":\"integer\",\"nullable\":true,\"metadata\":{}},{\"name\":\"cases\",\"type\":\"integer\",\"nullable\":true,\"metadata\":{}},{\"name\":\"deaths\",\"type\":\"integer\",\"nullable\":true,\"metadata\":{}}]}","partitionColumns":[],"configuration":{},"createdTime":1619121484605}}
{"add":{"path":"part-00000-a496f40c-e091-413a-85f9-b1b69d4b3b4e-c000.snappy.parquet","partitionValues":{},"size":690424,"modificationTime":1619121488000,"dataChange":true,"stats":"{\"numRecords\":157865,\"minValues\":{\"date\":\"2020-01-21\",\"county\":\"Abbeville\",\"state\":\"Alabama\",\"fips\":1001,\"cases\":0,\"deaths\":0},\"maxValues\":{\"date\":\"2020-05-19\",\"county\":\"Ziebach\",\"state\":\"Wyoming\",\"fips\":78030,\"cases\":198114,\"deaths\":20298},\"nullCount\":{\"date\":0,\"county\":0,\"state\":0,\"fips\":1746,\"cases\":0,\"deaths\":1065}}"}}
{"add":{"path":"part-00001-9d9d980b-c500-4f0b-bb96-771a515fbccc-c000.snappy.parquet","partitionValues":{},"size":786636,"modificationTime":1619121488000,"dataChange":true,"stats":"{\"numRecords\":155494,\"minValues\":{\"date\":\"2020-05-19\",\"county\":\"Abbeville\",\"state\":\"Alabama\",\"fips\":1001,\"cases\":0,\"deaths\":0},\"maxValues\":{\"date\":\"2020-07-08\",\"county\":\"Ziebach\",\"state\":\"Wyoming\",\"fips\":78030,\"cases\":222156,\"deaths\":22690},\"nullCount\":{\"date\":0,\"county\":0,\"state\":0,\"fips\":1387,\"cases\":0,\"deaths\":3890}}"}}
{"add":{"path":"part-00002-8826af84-73bd-49a6-a4b9-e39ffed9c15a-c000.snappy.parquet","partitionValues":{},"size":838642,"modificationTime":1619121488000,"dataChange":true,"stats":"{\"numRecords\":153372,\"minValues\":{\"date\":\"2020-07-08\",\"county\":\"Abbeville\",\"state\":\"Alabama\",\"fips\":1001,\"cases\":0,\"deaths\":0},\"maxValues\":{\"date\":\"2020-08-25\",\"county\":\"Ziebach\",\"state\":\"Wyoming\",\"fips\":78030,\"cases\":237032,\"deaths\":23662},\"nullCount\":{\"date\":0,\"county\":0,\"state\":0,\"fips\":1355,\"cases\":0,\"deaths\":3744}}"}}
{"add":{"path":"part-00003-539aff30-2349-4b0d-9726-c18630c6ad90-c000.snappy.parquet","partitionValues":{},"size":879637,"modificationTime":1619121488000,"dataChange":true,"stats":"{\"numRecords\":151830,\"minValues\":{\"date\":\"2020-08-25\",\"county\":\"Abbeville\",\"state\":\"Alabama\",\"fips\":1001,\"cases\":0,\"deaths\":0},\"maxValues\":{\"date\":\"2020-10-10\",\"county\":\"Ziebach\",\"state\":\"Wyoming\",\"fips\":78030,\"cases\":281165,\"deaths\":23882},\"nullCount\":{\"date\":0,\"county\":0,\"state\":0,\"fips\":1445,\"cases\":0,\"deaths\":3666}}"}}
{"add":{"path":"part-00004-1bb9c3e3-c5b0-4d60-8420-23261f58a5eb-c000.snappy.parquet","partitionValues":{},"size":890662,"modificationTime":1619121488000,"dataChange":true,"stats":"{\"numRecords\":150290,\"minValues\":{\"date\":\"2020-10-10\",\"county\":\"Abbeville\",\"state\":\"Alabama\",\"fips\":1001,\"cases\":0,\"deaths\":0},\"maxValues\":{\"date\":\"2020-11-26\",\"county\":\"Ziebach\",\"state\":\"Wyoming\",\"fips\":78030,\"cases\":383373,\"deaths\":24230},\"nullCount\":{\"date\":0,\"county\":0,\"state\":0,\"fips\":1346,\"cases\":0,\"deaths\":3588}}"}}
{"add":{"path":"part-00005-4d47f8ff-94db-4d32-806c-781a1cf123d2-c000.snappy.parquet","partitionValues":{},"size":895702,"modificationTime":1619121488000,"dataChange":true,"stats":"{\"numRecords\":148339,\"minValues\":{\"date\":\"2020-11-26\",\"county\":\"Abbeville\",\"state\":\"Alabama\",\"fips\":1001,\"cases\":0,\"deaths\":0},\"maxValues\":{\"date\":\"2021-01-10\",\"county\":\"Ziebach\",\"state\":\"Wyoming\",\"fips\":78030,\"cases\":920560,\"deaths\":25562},\"nullCount\":{\"date\":0,\"county\":0,\"state\":0,\"fips\":1262,\"cases\":0,\"deaths\":3588}}"}}
{"add":{"path":"part-00006-d0ec7722-b30c-4e1c-92cd-b4fe8d3bb954-c000.snappy.parquet","partitionValues":{},"size":883342,"modificationTime":1619121488000,"dataChange":true,"stats":"{\"numRecords\":147181,\"minValues\":{\"date\":\"2021-01-10\",\"county\":\"Abbeville\",\"state\":\"Alabama\",\"fips\":1001,\"cases\":0,\"deaths\":0},\"maxValues\":{\"date\":\"2021-02-25\",\"county\":\"Ziebach\",\"state\":\"Wyoming\",\"fips\":78030,\"cases\":1188101,\"deaths\":29025},\"nullCount\":{\"date\":0,\"county\":0,\"state\":0,\"fips\":1250,\"cases\":0,\"deaths\":3510}}"}}
{"add":{"path":"part-00007-4582392f-9fc2-41b0-ba97-a74b3afc8239-c000.snappy.parquet","partitionValues":{},"size":325440,"modificationTime":1619121487000,"dataChange":true,"stats":"{\"numRecords\":47559,\"minValues\":{\"date\":\"2021-02-25\",\"county\":\"Abbeville\",\"state\":\"Alabama\",\"fips\":1001,\"cases\":0,\"deaths\":0},\"maxValues\":{\"date\":\"2021-03-11\",\"county\":\"Ziebach\",\"state\":\"Wyoming\",\"fips\":78030,\"cases\":1208672,\"deaths\":30068},\"nullCount\":{\"date\":0,\"county\":0,\"state\":0,\"fips\":408,\"cases\":0,\"deaths\":1170}}"}}
